,instant;dteday;season;yr;mnth;holiday;weekday;workingday;weathersit;temp;atemp;hum;windspeed;casual;registered;cnt
0,1;01/01/2011;1;0;1;0;6;0;2;0.344167;0.363625;0.805833;0.160446;331;654;985
1,2;02/01/2011;1;0;1;0;0;0;2;0.363478;0.353739;0.696087;0.248539;131;670;801
2,3;03/01/2011;1;0;1;0;1;1;1;0.196364;0.189405;0.437273;0.248309;120;1229;1349
3,4;04/01/2011;1;0;1;0;2;1;1;00.02;0.212122;0.590435;0.160296;108;1454;1562
4,6;06/01/2011;1;0;1;0;4;1;1;0.204348;0.233209;0.518261;0.0895652;88;1518;1606
5,7;07/01/2011;1;0;1;0;5;1;2;0.196522;0.208839;0.498696;0.168726;148;1362;1510
6,9;09/01/2011;1;0;1;0;0;0;1;0.138333;0.116175;0.434167;0.36195;54;768;822
7,10;10/01/2011;1;0;1;0;1;1;1;0.150833;0.150888;0.482917;0.223267;41;1280;1321
8,11;11/01/2011;1;0;1;0;2;1;2;0.169091;0.191464;0.686364;0.122132;43;1220;1263
9,12;12/01/2011;1;0;1;0;3;1;1;0.172727;0.160473;0.599545;0.304627;25;1137;1162
10,14;14/01/2011;1;0;1;0;5;1;1;0.16087;0.188413;0.537826;0.126548;54;1367;1421
11,15;15/01/2011;1;0;1;0;6;0;2;0.233333;0.248112;0.49875;0.157963;222;1026;1248
12,16;16/01/2011;1;0;1;0;0;0;1;0.231667;0.234217;0.48375;0.188433;251;953;1204
13,18;18/01/2011;1;0;1;0;2;1;2;0.216667;0.232333;0.861667;0.146775;9;674;683
14,19;19/01/2011;1;0;1;0;3;1;2;0.292174;0.298422;0.741739;0.208317;78;1572;1650
15,20;20/01/2011;1;0;1;0;4;1;2;0.261667;0.25505;0.538333;0.195904;83;1844;1927
16,22;22/01/2011;1;0;1;0;6;0;1;0.0591304;0.0790696;00.04;0.17197;93;888;981
17,24;24/01/2011;1;0;1;0;1;1;1;0.0973913;0.11793;0.491739;0.15833;86;1330;1416
18,25;25/01/2011;1;0;1;0;2;1;2;0.223478;0.234526;0.616957;0.129796;186;1799;1985
19,29;29/01/2011;1;0;1;0;6;0;1;0.196522;0.212126;0.651739;0.145365;123;975;1098
20,30;30/01/2011;1;0;1;0;0;0;1;0.216522;0.250322;0.722174;0.0739826;140;956;1096
21,31;31/01/2011;1;0;1;0;1;1;2;0.180833;0.18625;0.60375;0.187192;42;1459;1501
22,32;01/02/2011;1;0;2;0;2;1;2;0.192174;0.23453;0.829565;0.053213;47;1313;1360
23,33;02/02/2011;1;0;2;0;3;1;2;00.26;0.254417;0.775417;0.264308;72;1454;1526
24,34;03/02/2011;1;0;2;0;4;1;1;0.186957;0.177878;0.437826;0.277752;61;1489;1550
25,35;04/02/2011;1;0;2;0;5;1;2;0.211304;0.228587;0.585217;0.127839;88;1620;1708
26,36;05/02/2011;1;0;2;0;6;0;2;0.233333;0.243058;0.929167;0.161079;100;905;1005
27,38;07/02/2011;1;0;2;0;1;1;1;0.271667;0.303658;0.738333;0.0454083;120;1592;1712
28,39;08/02/2011;1;0;2;0;2;1;1;0.220833;0.198246;0.537917;0.36195;64;1466;1530
29,40;09/02/2011;1;0;2;0;3;1;2;0.134783;0.144283;0.494783;0.188839;53;1552;1605
30,41;10/02/2011;1;0;2;0;4;1;1;0.144348;0.149548;0.437391;0.221935;47;1491;1538
31,42;11/02/2011;1;0;2;0;5;1;1;0.189091;0.213509;0.506364;0.10855;149;1597;1746
32,44;13/02/2011;1;0;2;0;0;0;1;0.316522;0.324113;0.457391;0.260883;397;1192;1589
33,46;15/02/2011;1;0;2;0;2;1;1;0.266087;0.254274;0.314348;0.291374;140;1675;1815
34,49;18/02/2011;1;0;2;0;5;1;1;0.521667;0.511983;0.516667;0.264925;579;2348;2927
35,50;19/02/2011;1;0;2;0;6;0;1;0.399167;0.391404;0.187917;0.507463;532;1103;1635
36,51;20/02/2011;1;0;2;0;0;0;1;0.285217;0.27733;0.407826;0.223235;639;1173;1812
37,53;22/02/2011;1;0;2;0;2;1;1;0.182222;0.186033;0.577778;0.195683;74;1376;1450
38,54;23/02/2011;1;0;2;0;3;1;1;0.221739;0.245717;0.423043;0.094113;139;1778;1917
39,55;24/02/2011;1;0;2;0;4;1;2;0.295652;0.289191;0.697391;0.250496;100;1707;1807
40,56;25/02/2011;1;0;2;0;5;1;2;0.364348;0.350461;0.712174;0.346539;120;1341;1461
41,59;28/02/2011;1;0;2;0;1;1;2;0.407273;0.400118;0.876364;0.289686;81;1365;1446
42,62;03/03/2011;1;0;3;0;4;1;1;0.198333;0.200133;0.318333;0.225754;123;1562;1685
43,63;04/03/2011;1;0;3;0;5;1;2;0.261667;0.255679;0.610417;0.203346;214;1730;1944
44,64;05/03/2011;1;0;3;0;6;0;2;0.384167;0.378779;0.789167;0.251871;640;1437;2077
45,65;06/03/2011;1;0;3;0;0;0;2;0.376522;0.366252;0.948261;0.343287;114;491;605
46,66;07/03/2011;1;0;3;0;1;1;1;0.261739;0.238461;0.551304;0.341352;244;1628;1872
47,68;09/03/2011;1;0;3;0;3;1;2;0.295833;0.286608;0.775417;0.22015;191;1700;1891
48,69;10/03/2011;1;0;3;0;4;1;3;0.389091;0.385668;0;0.261877;46;577;623
49,71;12/03/2011;1;0;3;0;6;0;1;0.329167;0.32575;0.594583;0.220775;724;1408;2132
50,72;13/03/2011;1;0;3;0;0;0;1;0.384348;0.380091;0.527391;0.270604;982;1435;2417
51,74;15/03/2011;1;0;3;0;2;1;2;0.317391;0.318178;0.655652;0.184309;289;1767;2056
52,75;16/03/2011;1;0;3;0;3;1;2;0.365217;0.36693;0.776522;0.203117;321;1871;2192
53,77;18/03/2011;1;0;3;0;5;1;1;00.54;0.527009;0.525217;0.231017;884;2355;3239
54,80;21/03/2011;2;0;3;0;1;1;2;0.430435;0.409735;0.737391;0.288783;401;1676;2077
55,81;22/03/2011;2;0;3;0;2;1;1;0.441667;0.440642;0.624583;0.22575;460;2243;2703
56,82;23/03/2011;2;0;3;0;3;1;2;0.346957;0.337939;0.839565;0.234261;203;1918;2121
57,85;26/03/2011;2;0;3;0;6;0;1;0.265833;0.257571;0.394167;0.209571;981;1515;2496
58,87;28/03/2011;2;0;3;0;1;1;1;0.264348;0.257574;0.302174;0.212204;222;1806;2028
59,89;30/03/2011;2;0;3;0;3;1;2;00.03;0.29735;0.646667;0.172888;168;1368;1536
60,90;31/03/2011;2;0;3;0;4;1;3;0.268333;0.257575;0.918333;0.217646;179;1506;1685
61,91;01/04/2011;2;0;4;0;5;1;2;00.03;0.283454;0.68625;0.258708;307;1920;2227
62,93;03/04/2011;2;0;4;0;0;0;1;0.378333;0.378767;00.48;0.182213;1651;1598;3249
63,94;04/04/2011;2;0;4;0;1;1;1;0.573333;0.542929;0.42625;0.385571;734;2381;3115
64,95;05/04/2011;2;0;4;0;2;1;2;0.414167;0.39835;0.642083;0.388067;167;1628;1795
65,96;06/04/2011;2;0;4;0;3;1;1;0.390833;0.387608;0.470833;0.263063;413;2395;2808
66,98;08/04/2011;2;0;4;0;5;1;2;0.335833;0.324479;0.83625;0.226992;172;1299;1471
67,101;11/04/2011;2;0;4;0;1;1;2;0.595652;0.565217;0.716956;0.324474;855;2493;3348
68,105;15/04/2011;2;0;4;1;5;0;1;0.446667;0.441913;0.67125;0.226375;642;2484;3126
69,106;16/04/2011;2;0;4;0;6;0;3;0.430833;0.425492;0.888333;0.340808;121;674;795
70,107;17/04/2011;2;0;4;0;0;0;1;0.456667;0.445696;0.479583;0.303496;1558;2186;3744
71,109;19/04/2011;2;0;4;0;2;1;2;0.505833;0.489258;0.665833;0.157971;409;2795;3204
72,111;21/04/2011;2;0;4;0;4;1;1;0.459167;0.453892;0.407083;0.325258;745;3444;4189
73,112;22/04/2011;2;0;4;0;5;1;2;0.336667;0.321954;0.729583;0.219521;177;1506;1683
74,113;23/04/2011;2;0;4;0;6;0;2;00.46;0.450121;0.887917;0.230725;1462;2574;4036
75,114;24/04/2011;2;0;4;0;0;0;2;0.581667;0.551763;0.810833;0.192175;1710;2481;4191
76,119;29/04/2011;2;0;4;0;5;1;1;00.51;0.497463;0.457083;0.240063;878;3717;4595
77,121;01/05/2011;2;0;5;0;0;0;2;0.451667;0.448204;0.762083;0.106354;1138;2213;3351
78,123;03/05/2011;2;0;5;0;2;1;2;0.616667;0.582079;0.697083;0.342667;603;3848;4451
79,124;04/05/2011;2;0;5;0;3;1;2;0.414167;0.40465;0.737083;0.328996;255;2378;2633
80,125;05/05/2011;2;0;5;0;4;1;1;0.459167;0.441917;0.444167;0.295392;614;3819;4433
81,126;06/05/2011;2;0;5;0;5;1;1;0.479167;0.474117;00.59;0.228246;894;3714;4608
82,127;07/05/2011;2;0;5;0;6;0;1;00.52;0.512621;0.54125;0.16045;1612;3102;4714
83,128;08/05/2011;2;0;5;0;0;0;1;0.528333;0.518933;0.631667;0.0746375;1401;2932;4333
84,137;17/05/2011;2;0;5;0;2;1;2;0.561667;0.538529;0.837917;0.277354;678;3445;4123
85,139;19/05/2011;2;0;5;0;4;1;2;0.530833;0.510742;0.829583;0.108213;735;3840;4575
86,140;20/05/2011;2;0;5;0;5;1;1;0.536667;0.529042;0.719583;0.125013;909;4008;4917
87,145;25/05/2011;2;0;5;0;3;1;1;0.660833;0.615542;0.69625;0.154233;740;4238;4978
88,147;27/05/2011;2;0;5;0;5;1;1;0.681667;0.637008;0.65375;0.240679;871;3808;4679
89,148;28/05/2011;2;0;5;0;6;0;1;0.655833;0.612379;0.729583;0.230092;2001;2757;4758
90,152;01/06/2011;2;0;6;0;3;1;2;0.764167;0.720967;0.677083;0.207092;513;3461;3974
91,157;06/06/2011;2;0;6;0;1;1;1;0.678333;0.621858;00.06;0.121896;673;3875;4548
92,159;08/06/2011;2;0;6;0;3;1;1;0.775833;0.727279;0.622083;0.136817;676;3725;4401
93,160;09/06/2011;2;0;6;0;4;1;2;0.808333;0.757579;0.568333;0.149883;563;3352;3915
94,165;14/06/2011;2;0;6;0;2;1;1;0.604167;0.591546;0.507083;0.269283;727;4164;4891
95,166;15/06/2011;2;0;6;0;3;1;1;0.626667;0.587754;0.471667;0.167912;769;4411;5180
96,167;16/06/2011;2;0;6;0;4;1;2;0.628333;0.595346;0.688333;0.206471;545;3222;3767
97,168;17/06/2011;2;0;6;0;5;1;1;0.649167;0.600383;0.735833;0.143029;863;3981;4844
98,169;18/06/2011;2;0;6;0;6;0;1;0.696667;0.643954;0.670417;0.119408;1807;3312;5119
99,172;21/06/2011;3;0;6;0;2;1;2;0.680833;0.637646;0.770417;0.171025;774;4061;4835
100,174;23/06/2011;3;0;6;0;4;1;2;0.728333;0.693833;0.703333;0.238804;746;4044;4790
101,175;24/06/2011;3;0;6;0;5;1;1;0.724167;0.656583;0.573333;0.222025;969;4022;4991
102,179;28/06/2011;3;0;6;0;2;1;1;0.744167;0.692558;0.634167;0.144283;732;3916;4648
103,180;29/06/2011;3;0;6;0;3;1;1;0.728333;0.654688;0.497917;0.261821;848;4377;5225
104,181;30/06/2011;3;0;6;0;4;1;1;0.696667;0.637008;0.434167;0.185312;1027;4488;5515
105,183;02/07/2011;3;0;7;0;6;0;1;0.738333;0.667308;0.444583;0.115062;2204;2915;5119
106,185;04/07/2011;3;0;7;1;1;0;2;0.726667;0.665417;0.637917;0.0814792;3065;2978;6043
107,186;05/07/2011;3;0;7;0;2;1;1;0.746667;0.696338;0.590417;0.126258;1031;3634;4665
108,189;08/07/2011;3;0;7;0;5;1;2;0.709167;0.670483;0.757917;0.225129;692;3348;4040
109,190;09/07/2011;3;0;7;0;6;0;1;0.733333;0.664158;0.609167;0.167912;1988;3348;5336
110,193;12/07/2011;3;0;7;0;2;1;1;0.794167;0.739275;0.559167;0.200254;662;3596;4258
111,194;13/07/2011;3;0;7;0;3;1;1;0.746667;0.689404;0.631667;0.146133;748;3594;4342
112,195;14/07/2011;3;0;7;0;4;1;1;0.680833;0.635104;0.47625;0.240667;888;4196;5084
113,196;15/07/2011;3;0;7;0;5;1;1;0.663333;0.624371;0.59125;0.182833;1318;4220;5538
114,198;17/07/2011;3;0;7;0;0;0;1;0.719167;0.669833;0.604167;0.245033;2006;3296;5302
115,199;18/07/2011;3;0;7;0;1;1;1;0.746667;0.703925;0.65125;0.215804;841;3617;4458
116,201;20/07/2011;3;0;7;0;3;1;1;0.768333;0.74685;0.707083;0.113817;644;3688;4332
117,204;23/07/2011;3;0;7;0;6;0;1;0.849167;0.804287;00.05;0.131221;987;2298;3285
118,206;25/07/2011;3;0;7;0;1;1;1;0.743333;0.720958;0.757083;0.0908083;568;3272;3840
119,207;26/07/2011;3;0;7;0;2;1;1;0.771667;0.696979;0.540833;0.200258;750;3840;4590
120,211;30/07/2011;3;0;7;0;6;0;1;0.804167;0.728537;0.465833;0.168537;1559;2916;4475
121,212;31/07/2011;3;0;7;0;0;0;1;0.805833;0.729796;0.480833;0.164813;1524;2778;4302
122,213;01/08/2011;3;0;8;0;1;1;1;0.771667;0.703292;0.550833;0.156717;729;3537;4266
123,214;02/08/2011;3;0;8;0;2;1;1;0.783333;0.707071;0.49125;0.20585;801;4044;4845
124,217;05/08/2011;3;0;8;0;5;1;1;0.710833;0.656567;0.630833;0.184696;1023;3843;4866
125,222;10/08/2011;3;0;8;0;3;1;1;0.766667;0.684983;0.424167;0.200258;884;3896;4780
126,225;13/08/2011;3;0;8;0;6;0;2;0.685833;0.645858;0.729583;0.211454;1504;2646;4150
127,227;15/08/2011;3;0;8;0;1;1;1;0.665833;0.616167;0.712083;0.208954;775;3563;4338
128,228;16/08/2011;3;0;8;0;2;1;1;0.700833;0.645837;0.578333;0.236329;721;4004;4725
129,229;17/08/2011;3;0;8;0;3;1;1;0.723333;0.666671;0.575417;0.143667;668;4026;4694
130,230;18/08/2011;3;0;8;0;4;1;1;0.711667;0.662258;0.654583;0.233208;639;3166;3805
131,234;22/08/2011;3;0;8;0;1;1;1;0.691667;0.638254;00.47;0.27675;833;3925;4758
132,235;23/08/2011;3;0;8;0;2;1;1;0.640833;0.606067;0.455417;0.146763;1281;4614;5895
133,237;25/08/2011;3;0;8;0;4;1;2;0.684167;0.645854;0.771667;0.210833;435;3107;3542
134,238;26/08/2011;3;0;8;0;5;1;1;00.07;0.659733;0.76125;0.0839625;768;3893;4661
135,240;28/08/2011;3;0;8;0;0;0;1;0.707059;0.647959;0.561765;0.304659;1415;2919;4334
136,241;29/08/2011;3;0;8;0;1;1;1;0.636667;0.607958;0.554583;0.159825;729;3905;4634
137,242;30/08/2011;3;0;8;0;2;1;1;0.639167;0.594704;0.548333;0.125008;775;4429;5204
138,243;31/08/2011;3;0;8;0;3;1;1;0.656667;0.611121;0.597917;0.0833333;688;4370;5058
139,245;02/09/2011;3;0;9;0;5;1;2;0.643333;0.604808;0.727083;0.139929;875;3852;4727
140,246;03/09/2011;3;0;9;0;6;0;1;0.669167;0.633213;0.716667;0.185325;1935;2549;4484
141,247;04/09/2011;3;0;9;0;0;0;1;0.709167;0.665429;0.742083;0.206467;2521;2419;4940
142,248;05/09/2011;3;0;9;1;1;0;2;0.673333;0.625646;0.790417;0.212696;1236;2115;3351
143,250;07/09/2011;3;0;9;0;3;1;3;0.599167;0.544229;0.917083;0.0970208;118;1878;1996
144,251;08/09/2011;3;0;9;0;4;1;3;0.633913;0.555361;0.939565;0.192748;153;1689;1842
145,254;11/09/2011;3;0;9;0;0;0;1;0.653333;0.609229;0.71375;0.115054;1633;3413;5046
146,255;12/09/2011;3;0;9;0;1;1;1;0.644348;0.60213;0.692174;0.088913;690;4023;4713
147,259;16/09/2011;3;0;9;0;5;1;2;0.469167;0.461475;0.590417;0.164183;742;4018;4760
148,260;17/09/2011;3;0;9;0;6;0;2;0.491667;0.478512;0.718333;0.189675;1434;3077;4511
149,263;20/09/2011;3;0;9;0;2;1;2;0.561667;0.532217;0.88125;0.134954;438;3203;3641
150,265;22/09/2011;3;0;9;0;4;1;2;0.628333;0.554963;0.902083;0.128125;555;4240;4795
151,270;27/09/2011;4;0;9;0;2;1;2;0.636667;0.574525;0.885417;0.118171;477;3643;4120
152,272;29/09/2011;4;0;9;0;4;1;1;0.616667;0.574512;0.699167;0.172883;653;4186;4839
153,274;01/10/2011;4;0;10;0;6;0;2;00.41;0.412863;0.75375;0.292296;480;1949;2429
154,275;02/10/2011;4;0;10;0;0;0;2;0.356667;0.345317;0.791667;0.222013;616;2302;2918
155,276;03/10/2011;4;0;10;0;1;1;2;0.384167;0.392046;0.760833;0.0833458;330;3240;3570
156,278;05/10/2011;4;0;10;0;3;1;1;0.538333;0.527138;0.647917;0.17725;559;4267;4826
157,279;06/10/2011;4;0;10;0;4;1;1;0.494167;0.480425;0.620833;0.134954;639;4126;4765
158,280;07/10/2011;4;0;10;0;5;1;1;0.510833;0.504404;0.684167;0.0223917;949;4036;4985
159,281;08/10/2011;4;0;10;0;6;0;1;0.521667;0.513242;0.70125;0.0454042;2235;3174;5409
160,283;10/10/2011;4;0;10;1;1;0;1;0.570833;0.542925;0.73375;0.0423042;1514;3603;5117
161,284;11/10/2011;4;0;10;0;2;1;2;0.566667;0.546096;0.80875;0.143042;667;3896;4563
162,285;12/10/2011;4;0;10;0;3;1;3;0.543333;0.517717;0.90625;0.24815;217;2199;2416
163,286;13/10/2011;4;0;10;0;4;1;2;0.589167;0.551804;0.896667;0.141787;290;2623;2913
164,287;14/10/2011;4;0;10;0;5;1;2;0.550833;0.529675;0.71625;0.223883;529;3115;3644
165,288;15/10/2011;4;0;10;0;6;0;1;0.506667;0.498725;0.483333;0.258083;1899;3318;5217
166,289;16/10/2011;4;0;10;0;0;0;1;0.511667;0.503154;0.486667;0.281717;1748;3293;5041
167,290;17/10/2011;4;0;10;0;1;1;1;0.534167;0.510725;0.579583;0.175379;713;3857;4570
168,292;19/10/2011;4;0;10;0;3;1;3;0.541739;0.513848;0.895217;0.243339;254;2170;2424
169,293;20/10/2011;4;0;10;0;4;1;1;0.475833;0.466525;0.63625;0.422275;471;3724;4195
170,296;23/10/2011;4;0;10;0;0;0;1;0.421667;0.422333;0.74125;0.0995125;1619;2762;4381
171,297;24/10/2011;4;0;10;0;1;1;1;0.463333;0.457067;0.772083;0.118792;699;3488;4187
172,298;25/10/2011;4;0;10;0;2;1;1;0.471667;0.463375;0.622917;0.166658;695;3992;4687
173,299;26/10/2011;4;0;10;0;3;1;2;0.484167;0.472846;0.720417;0.148642;404;3490;3894
174,300;27/10/2011;4;0;10;0;4;1;2;00.47;0.457046;0.812917;0.197763;240;2419;2659
175,301;28/10/2011;4;0;10;0;5;1;2;0.330833;0.318812;0.585833;0.229479;456;3291;3747
176,303;30/10/2011;4;0;10;0;0;0;1;0.319167;0.321329;0.62375;0.176617;885;2446;3331
177,304;31/10/2011;4;0;10;0;1;1;1;00.34;0.356063;0.703333;0.10635;362;3307;3669
178,305;01/11/2011;4;0;11;0;2;1;1;0.400833;0.397088;0.68375;0.135571;410;3658;4068
179,307;03/11/2011;4;0;11;0;4;1;1;0.408333;0.405921;0.702083;0.136817;318;3656;3974
180,309;05/11/2011;4;0;11;0;6;0;1;0.326667;0.323854;0.519167;0.189062;1156;2770;3926
181,310;06/11/2011;4;0;11;0;0;0;1;0.348333;0.362358;0.734583;0.0920542;952;2697;3649
182,312;08/11/2011;4;0;11;0;2;1;1;0.408333;0.412246;0.721667;0.0690375;376;3829;4205
183,313;09/11/2011;4;0;11;0;3;1;1;00.04;0.409079;0.758333;0.0621958;305;3804;4109
184,314;10/11/2011;4;0;11;0;4;1;2;00.38;0.373721;0.813333;0.189067;190;2743;2933
185,315;11/11/2011;4;0;11;1;5;0;1;0.324167;0.306817;0.44625;0.314675;440;2928;3368
186,316;12/11/2011;4;0;11;0;6;0;1;0.356667;0.357942;0.552917;0.212062;1275;2792;4067
187,317;13/11/2011;4;0;11;0;0;0;1;0.440833;0.43055;0.458333;0.281721;1004;2713;3717
188,318;14/11/2011;4;0;11;0;1;1;1;00.53;0.524612;0.587083;0.306596;595;3891;4486
189,319;15/11/2011;4;0;11;0;2;1;2;00.53;0.507579;0.68875;0.199633;449;3746;4195
190,321;17/11/2011;4;0;11;0;4;1;2;0.341667;0.323221;0.575833;0.305362;139;2914;3053
191,322;18/11/2011;4;0;11;0;5;1;1;0.274167;0.272721;00.41;0.168533;245;3147;3392
192,323;19/11/2011;4;0;11;0;6;0;1;0.329167;0.324483;0.502083;0.224496;943;2720;3663
193,324;20/11/2011;4;0;11;0;0;0;2;0.463333;0.457058;0.684583;0.18595;787;2733;3520
194,327;23/11/2011;4;0;11;0;3;1;2;0.440833;0.430537;0.757917;0.335825;112;2454;2566
195,328;24/11/2011;4;0;11;1;4;0;1;0.373333;0.372471;0.549167;0.167304;560;935;1495
196,330;26/11/2011;4;0;11;0;6;0;1;0.375833;0.385087;0.681667;0.0684208;1249;1819;3068
197,332;28/11/2011;4;0;11;0;1;1;1;0.503478;0.490122;0.743043;0.142122;253;3614;3867
198,333;29/11/2011;4;0;11;0;2;1;2;0.458333;0.451375;0.830833;0.258092;96;2818;2914
199,336;02/12/2011;4;0;12;0;5;1;1;0.314167;0.331433;0.625833;0.100754;268;3672;3940
200,337;03/12/2011;4;0;12;0;6;0;1;0.299167;0.310604;0.612917;0.0957833;706;2908;3614
201,339;05/12/2011;4;0;12;0;1;1;2;0.385833;0.393925;0.827083;0.0622083;233;3578;3811
202,341;07/12/2011;4;0;12;0;3;1;3;00.41;0.400246;0.970417;0.266175;50;655;705
203,342;08/12/2011;4;0;12;0;4;1;1;0.265833;0.256938;00.58;0.240058;150;3172;3322
204,343;09/12/2011;4;0;12;0;5;1;1;0.290833;0.317542;0.695833;0.0827167;261;3359;3620
205,345;11/12/2011;4;0;12;0;0;0;1;0.220833;0.253154;00.49;0.0665417;377;2366;2743
206,346;12/12/2011;4;0;12;0;1;1;1;0.238333;0.270196;0.670833;0.06345;143;3167;3310
207,351;17/12/2011;4;0;12;0;6;0;2;0.258333;0.249371;0.560833;0.243167;275;2464;2739
208,352;18/12/2011;4;0;12;0;0;0;1;0.238333;0.245579;0.58625;0.169779;220;2211;2431
209,354;20/12/2011;4;0;12;0;2;1;2;0.385833;0.396454;0.595417;0.0615708;216;3534;3750
210,357;23/12/2011;1;0;12;0;5;1;1;0.373333;0.377513;0.68625;0.274246;163;2046;2209
211,359;25/12/2011;1;0;12;0;0;0;1;0.274783;0.279961;0.681304;0.155091;303;451;754
212,360;26/12/2011;1;0;12;1;1;0;1;0.321739;0.315535;0.506957;0.239465;430;887;1317
213,362;28/12/2011;1;0;12;0;3;1;1;0.29913;0.279974;0.503913;0.293961;255;2047;2302
214,363;29/12/2011;1;0;12;0;4;1;1;0.248333;0.263892;0.574167;0.119412;254;2169;2423
215,364;30/12/2011;1;0;12;0;5;1;1;0.311667;0.318812;0.636667;0.134337;491;2508;2999
216,365;31/12/2011;1;0;12;0;6;0;1;00.41;0.414121;0.615833;0.220154;665;1820;2485
217,367;02/01/2012;1;1;1;1;1;0;1;0.273043;0.252304;0.381304;0.329665;244;1707;1951
218,368;03/01/2012;1;1;1;0;2;1;1;00.15;0.126275;0.44125;0.365671;89;2147;2236
219,370;05/01/2012;1;1;1;0;4;1;1;0.265833;0.278412;0.524167;0.129987;140;3132;3272
220,371;06/01/2012;1;1;1;0;5;1;1;0.334167;0.340267;0.542083;0.167908;307;3791;4098
221,372;07/01/2012;1;1;1;0;6;0;1;0.393333;0.390779;0.531667;0.174758;1070;3451;4521
222,375;10/01/2012;1;1;1;0;2;1;1;0.308696;0.318826;0.646522;0.187552;173;3425;3598
223,380;15/01/2012;1;1;1;0;0;0;1;0.166667;0.161625;0.419167;0.251258;284;2027;2311
224,382;17/01/2012;1;1;1;0;2;1;2;0.373043;0.364278;0.716087;0.34913;127;2808;2935
225,383;18/01/2012;1;1;1;0;3;1;1;0.303333;0.275254;0.443333;0.415429;109;3267;3376
226,386;21/01/2012;1;1;1;0;6;0;2;0.173333;0.174875;0.83125;0.222642;67;1234;1301
227,388;23/01/2012;1;1;1;0;1;1;2;0.218333;0.243058;0.91125;0.110708;145;2287;2432
228,390;25/01/2012;1;1;1;0;3;1;1;0.294167;0.294821;0.64375;0.161071;467;3803;4270
229,391;26/01/2012;1;1;1;0;4;1;2;0.341667;0.35605;0.769583;0.0733958;244;3831;4075
230,393;28/01/2012;1;1;1;0;6;0;1;0.315833;0.326379;0.543333;0.210829;775;3248;4023
231,395;30/01/2012;1;1;1;0;1;1;1;0.269167;0.262625;0.400833;0.215792;126;3498;3624
232,396;31/01/2012;1;1;1;0;2;1;1;00.39;0.381317;0.416667;0.261817;324;4185;4509
233,397;01/02/2012;1;1;2;0;3;1;1;0.469167;0.466538;0.507917;0.189067;304;4275;4579
234,398;02/02/2012;1;1;2;0;4;1;2;0.399167;0.398971;0.672917;0.187187;190;3571;3761
235,399;03/02/2012;1;1;2;0;5;1;1;0.313333;0.309346;0.526667;0.178496;310;3841;4151
236,400;04/02/2012;1;1;2;0;6;0;2;0.264167;0.272725;0.779583;0.121896;384;2448;2832
237,401;05/02/2012;1;1;2;0;0;0;2;0.265833;0.264521;0.687917;0.175996;318;2629;2947
238,403;07/02/2012;1;1;2;0;2;1;1;0.354167;0.361104;0.49625;0.147379;199;4176;4375
239,404;08/02/2012;1;1;2;0;3;1;2;0.256667;0.266421;0.722917;0.133721;109;2693;2802
240,406;10/02/2012;1;1;2;0;5;1;2;0.280833;0.293558;00.54;0.116929;227;3604;3831
241,407;11/02/2012;1;1;2;0;6;0;3;0.224167;0.210867;0.73125;0.289796;192;1977;2169
242,410;14/02/2012;1;1;2;0;2;1;2;0.319167;0.333946;0.50875;0.141179;135;3787;3922
243,412;16/02/2012;1;1;2;0;4;1;2;0.316667;0.330162;0.752917;0.091425;74;2931;3005
244,413;17/02/2012;1;1;2;0;5;1;1;0.343333;0.351629;0.634583;0.205846;349;3805;4154
245,414;18/02/2012;1;1;2;0;6;0;1;0.346667;0.355425;0.534583;0.190929;1435;2883;4318
246,415;19/02/2012;1;1;2;0;0;0;2;00.28;0.265788;0.515833;0.253112;618;2071;2689
247,416;20/02/2012;1;1;2;1;1;0;1;00.28;0.273391;0.507826;0.229083;502;2627;3129
248,417;21/02/2012;1;1;2;0;2;1;1;0.287826;0.295113;0.594348;0.205717;163;3614;3777
249,418;22/02/2012;1;1;2;0;3;1;1;0.395833;0.392667;0.567917;0.234471;394;4379;4773
250,419;23/02/2012;1;1;2;0;4;1;1;0.454167;0.444446;0.554583;0.190913;516;4546;5062
251,421;25/02/2012;1;1;2;0;6;0;1;0.290833;0.255675;0.395833;0.421642;317;2415;2732
252,422;26/02/2012;1;1;2;0;0;0;1;0.279167;0.268308;00.41;0.205229;515;2874;3389
253,423;27/02/2012;1;1;2;0;1;1;1;0.366667;0.357954;0.490833;0.268033;253;4069;4322
254,424;28/02/2012;1;1;2;0;2;1;1;0.359167;0.353525;0.395833;0.193417;229;4134;4363
255,425;29/02/2012;1;1;2;0;3;1;2;0.344348;0.34847;0.804783;0.179117;65;1769;1834
256,426;01/03/2012;1;1;3;0;4;1;1;0.485833;0.475371;0.615417;0.226987;325;4665;4990
257,427;02/03/2012;1;1;3;0;5;1;2;0.353333;0.359842;0.657083;0.144904;246;2948;3194
258,428;03/03/2012;1;1;3;0;6;0;2;0.414167;0.413492;0.62125;0.161079;956;3110;4066
259,429;04/03/2012;1;1;3;0;0;0;1;0.325833;0.303021;0.403333;0.334571;710;2713;3423
260,430;05/03/2012;1;1;3;0;1;1;1;0.243333;0.241171;0.50625;0.228858;203;3130;3333
261,431;06/03/2012;1;1;3;0;2;1;1;0.258333;0.255042;0.456667;0.200875;221;3735;3956
262,436;11/03/2012;1;1;3;0;0;0;1;0.361739;0.35967;0.476957;0.222587;1658;3253;4911
263,437;12/03/2012;1;1;3;0;1;1;1;0.466667;0.459592;0.489167;0.207713;838;4460;5298
264,441;16/03/2012;1;1;3;0;5;1;2;0.435833;0.436229;0.842083;0.113192;548;3830;4378
265,442;17/03/2012;1;1;3;0;6;0;2;0.514167;0.505046;0.755833;0.110704;3155;4681;7836
266,445;20/03/2012;1;1;3;0;2;1;1;0.560833;0.538533;0.807917;0.121271;1051;5042;6093
267,446;21/03/2012;2;1;3;0;3;1;2;0.531667;0.513258;0.82125;0.0895583;1122;5108;6230
268,447;22/03/2012;2;1;3;0;4;1;1;0.554167;0.531567;0.83125;0.117562;1334;5537;6871
269,451;26/03/2012;2;1;3;0;1;1;1;0.445833;0.43875;0.477917;0.386821;795;4763;5558
270,452;27/03/2012;2;1;3;0;2;1;1;0.323333;0.315654;00.29;0.187192;531;4571;5102
271,453;28/03/2012;2;1;3;0;3;1;1;0.484167;0.47095;0.48125;0.291671;674;5024;5698
272,454;29/03/2012;2;1;3;0;4;1;1;0.494167;0.482304;0.439167;0.31965;834;5299;6133
273,455;30/03/2012;2;1;3;0;5;1;2;00.37;0.375621;0.580833;0.138067;796;4663;5459
274,456;31/03/2012;2;1;3;0;6;0;2;0.424167;0.421708;0.738333;0.250617;2301;3934;6235
275,457;01/04/2012;2;1;4;0;0;0;2;0.425833;0.417287;0.67625;0.172267;2347;3694;6041
276,458;02/04/2012;2;1;4;0;1;1;1;0.433913;0.427513;0.504348;0.312139;1208;4728;5936
277,459;03/04/2012;2;1;4;0;2;1;1;0.466667;0.461483;0.396667;0.100133;1348;5424;6772
278,460;04/04/2012;2;1;4;0;3;1;1;0.541667;0.53345;0.469583;0.180975;1058;5378;6436
279,462;06/04/2012;2;1;4;0;5;1;1;0.403333;0.390767;0.377083;0.300388;1807;4653;6460
280,464;08/04/2012;2;1;4;0;0;0;1;00.05;0.492425;0.275833;0.232596;2230;2939;5169
281,467;11/04/2012;2;1;4;0;3;1;1;0.348696;0.337274;0.469565;0.295274;482;4380;4862
282,471;15/04/2012;2;1;4;0;0;0;1;0.606667;0.573875;0.507917;0.225129;2846;4286;7132
283,472;16/04/2012;2;1;4;1;1;0;1;0.664167;0.614925;0.561667;0.284829;1198;5172;6370
284,473;17/04/2012;2;1;4;0;2;1;1;0.608333;0.598487;0.390417;0.273629;989;5702;6691
285,474;18/04/2012;2;1;4;0;3;1;2;0.463333;0.457038;0.569167;0.167912;347;4020;4367
286,476;20/04/2012;2;1;4;0;5;1;1;0.526667;0.515775;0.694583;0.149871;1340;5950;7290
287,477;21/04/2012;2;1;4;0;6;0;1;00.57;0.542921;0.682917;0.283587;2541;4083;6624
288,478;22/04/2012;2;1;4;0;0;0;3;0.396667;0.389504;0.835417;0.344546;120;907;1027
289,479;23/04/2012;2;1;4;0;1;1;2;0.321667;0.301125;0.766667;0.303496;195;3019;3214
290,480;24/04/2012;2;1;4;0;2;1;1;0.413333;0.405283;0.454167;0.249383;518;5115;5633
291,481;25/04/2012;2;1;4;0;3;1;1;0.476667;0.470317;0.427917;0.118792;655;5541;6196
292,482;26/04/2012;2;1;4;0;4;1;2;0.498333;0.483583;0.756667;0.176625;475;4551;5026
293,484;28/04/2012;2;1;4;0;6;0;2;0.376667;0.377504;0.489583;0.129975;1120;3100;4220
294,485;29/04/2012;2;1;4;0;0;0;1;0.458333;0.450121;0.587083;0.116908;2229;4075;6304
295,486;30/04/2012;2;1;4;0;1;1;2;0.464167;0.457696;00.57;0.171638;665;4907;5572
296,487;01/05/2012;2;1;5;0;2;1;2;0.613333;0.577021;0.659583;0.156096;653;5087;5740
297,488;02/05/2012;2;1;5;0;3;1;1;0.564167;0.537896;0.797083;0.138058;667;5502;6169
298,489;03/05/2012;2;1;5;0;4;1;2;00.56;0.537242;0.768333;0.133696;764;5657;6421
299,491;05/05/2012;2;1;5;0;6;0;2;0.621667;0.584608;0.756667;0.152992;2496;4387;6883
300,494;08/05/2012;2;1;5;0;2;1;2;0.581667;0.557471;0.685833;0.296029;738;4990;5728
301,496;10/05/2012;2;1;5;0;4;1;1;0.505833;0.491783;0.552083;0.314063;1026;5546;6572
302,497;11/05/2012;2;1;5;0;5;1;1;0.533333;0.520833;0.360417;0.236937;1319;5711;7030
303,498;12/05/2012;2;1;5;0;6;0;1;0.564167;0.544817;0.480417;0.123133;2622;4807;7429
304,501;15/05/2012;2;1;5;0;2;1;2;0.611667;0.576404;0.794583;0.147392;625;4490;5115
305,502;16/05/2012;2;1;5;0;3;1;1;0.636667;0.595975;0.697917;0.122512;991;6433;7424
306,503;17/05/2012;2;1;5;0;4;1;1;0.593333;0.572613;00.52;0.229475;1242;6142;7384
307,504;18/05/2012;2;1;5;0;5;1;1;0.564167;0.551121;0.523333;0.136817;1521;6118;7639
308,505;19/05/2012;2;1;5;0;6;0;1;00.06;0.566908;0.45625;0.083975;3410;4884;8294
309,506;20/05/2012;2;1;5;0;0;0;1;0.620833;0.583967;0.530417;0.254367;2704;4425;7129
310,507;21/05/2012;2;1;5;0;1;1;2;0.598333;0.565667;0.81125;0.233204;630;3729;4359
311,518;01/06/2012;2;1;6;0;5;1;2;0.654167;0.607962;0.755417;0.237563;533;3594;4127
312,519;02/06/2012;2;1;6;0;6;0;1;0.583333;0.566288;0.549167;0.186562;2795;5325;8120
313,522;05/06/2012;2;1;6;0;2;1;2;0.540833;0.525892;0.613333;0.209575;968;6033;7001
314,523;06/06/2012;2;1;6;0;3;1;1;0.554167;0.542292;0.61125;0.077125;1027;6028;7055
315,525;08/06/2012;2;1;6;0;5;1;1;0.649167;0.597862;0.467917;0.175383;1488;6248;7736
316,526;09/06/2012;2;1;6;0;6;0;1;0.710833;0.648367;0.437083;0.144287;2708;4790;7498
317,527;10/06/2012;2;1;6;0;0;0;1;0.726667;0.663517;0.538333;0.133721;2224;4374;6598
318,528;11/06/2012;2;1;6;0;1;1;2;0.720833;0.659721;0.587917;0.207713;1017;5647;6664
319,529;12/06/2012;2;1;6;0;2;1;2;0.653333;0.597875;0.833333;0.214546;477;4495;4972
320,530;13/06/2012;2;1;6;0;3;1;1;0.655833;0.611117;0.582083;0.343279;1173;6248;7421
321,531;14/06/2012;2;1;6;0;4;1;1;0.648333;0.624383;0.569583;0.253733;1180;6183;7363
322,532;15/06/2012;2;1;6;0;5;1;1;0.639167;0.599754;0.589583;0.176617;1563;6102;7665
323,533;16/06/2012;2;1;6;0;6;0;1;0.631667;0.594708;0.504167;0.166667;2963;4739;7702
324,535;18/06/2012;2;1;6;0;1;1;2;0.568333;0.544842;0.777917;0.174746;653;4446;5099
325,538;21/06/2012;3;1;6;0;4;1;1;0.805833;0.752542;0.567917;0.118787;778;5127;5905
326,540;23/06/2012;3;1;6;0;6;0;1;0.731667;0.652792;0.534583;0.179721;2657;4801;7458
327,541;24/06/2012;3;1;6;0;0;0;1;0.743333;0.674254;0.479167;0.145525;2551;4340;6891
328,542;25/06/2012;3;1;6;0;1;1;1;0.715833;0.654042;0.504167;0.300383;1139;5640;6779
329,543;26/06/2012;3;1;6;0;2;1;1;0.630833;0.594704;0.373333;0.347642;1077;6365;7442
330,546;29/06/2012;3;1;6;0;5;1;1;0.834167;0.786613;0.48875;0.165417;829;4634;5463
331,548;01/07/2012;3;1;7;0;0;0;1;0.815833;0.750629;0.51875;0.168529;1421;4110;5531
332,549;02/07/2012;3;1;7;0;1;1;1;0.781667;0.702038;0.447083;0.195267;904;5323;6227
333,550;03/07/2012;3;1;7;0;2;1;1;0.780833;0.70265;0.492083;0.126237;1052;5608;6660
334,551;04/07/2012;3;1;7;1;3;0;1;0.789167;0.732337;0.53875;0.13495;2562;4841;7403
335,553;06/07/2012;3;1;7;0;5;1;1;0.828333;0.752533;0.450833;0.146142;1366;4841;6207
336,554;07/07/2012;3;1;7;0;6;0;1;0.861667;0.804913;0.492083;0.163554;1448;3392;4840
337,556;09/07/2012;3;1;7;0;1;1;2;0.710833;0.654054;0.683333;0.180975;998;5571;6569
338,558;11/07/2012;3;1;7;0;3;1;1;0.716667;0.650271;0.633333;0.151733;975;6289;7264
339,559;12/07/2012;3;1;7;0;4;1;1;0.715833;0.654683;0.529583;0.146775;1032;6414;7446
340,560;13/07/2012;3;1;7;0;5;1;2;0.731667;0.667933;0.485833;0.08085;1511;5988;7499
341,561;14/07/2012;3;1;7;0;6;0;2;0.703333;0.666042;0.699167;0.143679;2355;4614;6969
342,562;15/07/2012;3;1;7;0;0;0;1;0.745833;0.705196;0.717917;0.166667;1920;4111;6031
343,564;17/07/2012;3;1;7;0;2;1;1;0.818333;0.755683;0.505833;0.114429;921;5865;6786
344,565;18/07/2012;3;1;7;0;3;1;1;0.793333;0.745583;0.577083;0.137442;799;4914;5713
345,567;20/07/2012;3;1;7;0;5;1;2;0.665833;0.613025;0.844167;0.208967;747;5123;5870
346,570;23/07/2012;3;1;7;0;1;1;1;0.741667;0.690017;0.694167;0.138683;1135;5831;6966
347,573;26/07/2012;3;1;7;0;4;1;1;0.776667;0.739263;0.596667;0.284813;1036;5825;6861
348,574;27/07/2012;3;1;7;0;5;1;1;0.781667;0.734217;0.594583;0.152992;1259;5645;6904
349,575;28/07/2012;3;1;7;0;6;0;1;0.755833;0.697604;0.613333;0.15735;2234;4451;6685
350,576;29/07/2012;3;1;7;0;0;0;1;0.721667;0.667933;0.62375;0.170396;2153;4444;6597
351,577;30/07/2012;3;1;7;0;1;1;1;0.730833;0.684987;0.66875;0.153617;1040;6065;7105
352,578;31/07/2012;3;1;7;0;2;1;1;0.713333;0.662896;0.704167;0.165425;968;6248;7216
353,582;04/08/2012;3;1;8;0;6;0;1;0.793333;0.751267;0.613333;0.257458;2345;4479;6824
354,585;07/08/2012;3;1;8;0;2;1;2;0.735833;0.697621;0.70375;0.116908;1278;5995;7273
355,588;10/08/2012;3;1;8;0;5;1;2;0.715833;0.667942;0.715833;0.238813;1065;4721;5786
356,590;12/08/2012;3;1;8;0;0;0;1;0.700833;0.644579;0.530417;0.122512;2182;4362;6544
357,591;13/08/2012;3;1;8;0;1;1;1;0.720833;0.662254;0.545417;0.136212;1207;5676;6883
358,592;14/08/2012;3;1;8;0;2;1;1;0.726667;0.676779;0.686667;0.169158;1128;5656;6784
359,593;15/08/2012;3;1;8;0;3;1;1;0.706667;0.654037;0.619583;0.169771;1198;6149;7347
360,594;16/08/2012;3;1;8;0;4;1;1;0.719167;0.654688;0.519167;0.141796;1338;6267;7605
361,596;18/08/2012;3;1;8;0;6;0;1;0.678333;0.618071;0.603333;0.177867;2827;5038;7865
362,597;19/08/2012;3;1;8;0;0;0;2;0.635833;0.603554;0.711667;0.08645;1208;3341;4549
363,598;20/08/2012;3;1;8;0;1;1;2;0.635833;0.595967;0.734167;0.129979;1026;5504;6530
364,599;21/08/2012;3;1;8;0;2;1;1;0.649167;0.601025;0.67375;0.0727708;1081;5925;7006
365,601;23/08/2012;3;1;8;0;4;1;1;0.695833;0.637008;0.635833;0.0845958;1363;6402;7765
366,603;25/08/2012;3;1;8;0;6;0;2;0.661667;0.618696;0.712917;0.244408;1829;4224;6053
367,604;26/08/2012;3;1;8;0;0;0;2;0.653333;0.595996;0.845833;0.228858;1483;3772;5255
368,605;27/08/2012;3;1;8;0;1;1;1;0.703333;0.654688;0.730417;0.128733;989;5928;6917
369,608;30/08/2012;3;1;8;0;4;1;1;0.706667;0.652779;0.590417;0.0771167;1172;6541;7713
370,610;01/09/2012;3;1;9;0;6;0;2;0.753333;0.702654;0.638333;0.113187;2352;3788;6140
371,614;05/09/2012;3;1;9;0;3;1;1;0.736667;0.708983;0.74125;0.187808;832;6280;7112
372,615;06/09/2012;3;1;9;0;4;1;2;0.696667;0.655329;0.810417;0.142421;611;5592;6203
373,616;07/09/2012;3;1;9;0;5;1;1;0.703333;0.657204;0.73625;0.171646;1045;6459;7504
374,617;08/09/2012;3;1;9;0;6;0;2;0.659167;0.611121;0.799167;0.281104;1557;4419;5976
375,619;10/09/2012;3;1;9;0;1;1;1;0.583333;0.565654;0.50375;0.258713;1118;6407;7525
376,621;12/09/2012;3;1;9;0;3;1;1;0.599167;0.570075;0.577083;0.131846;1050;6820;7870
377,624;15/09/2012;3;1;9;0;6;0;1;0.608333;0.585867;0.501667;0.247521;3160;5554;8714
378,625;16/09/2012;3;1;9;0;0;0;1;00.58;0.563125;00.57;0.0901833;2166;5167;7333
379,626;17/09/2012;3;1;9;0;1;1;2;0.580833;0.55305;0.734583;0.151742;1022;5847;6869
380,629;20/09/2012;3;1;9;0;4;1;1;0.546667;0.532192;0.618333;0.118167;939;6781;7720
381,630;21/09/2012;3;1;9;0;5;1;1;0.599167;0.571971;0.66875;0.154229;1250;6917;8167
382,632;23/09/2012;4;1;9;0;0;0;1;0.529167;0.518933;0.467083;0.223258;2454;5453;7907
383,633;24/09/2012;4;1;9;0;1;1;1;0.514167;0.502513;0.492917;0.142404;1001;6435;7436
384,634;25/09/2012;4;1;9;0;2;1;1;00.55;0.544179;00.57;0.236321;845;6693;7538
385,639;30/09/2012;4;1;9;0;0;0;1;0.526667;0.517663;0.583333;0.134958;2015;4874;6889
386,641;02/10/2012;4;1;10;0;2;1;3;0.590833;0.542333;0.871667;0.104475;315;4324;4639
387,645;06/10/2012;4;1;10;0;6;0;1;0.554167;0.538521;0.664167;0.268025;3031;4934;7965
388,646;07/10/2012;4;1;10;0;0;0;2;0.415833;0.419813;0.708333;0.141162;781;2729;3510
389,647;08/10/2012;4;1;10;1;1;0;2;0.383333;0.387608;0.709583;0.189679;874;4604;5478
390,649;10/10/2012;4;1;10;0;3;1;1;0.514167;0.503142;0.630833;0.187821;780;6911;7691
391,652;13/10/2012;4;1;10;0;6;0;1;0.393333;0.391396;0.494583;0.146142;2252;4857;7109
392,653;14/10/2012;4;1;10;0;0;0;1;0.521667;0.508204;0.640417;0.278612;2080;4559;6639
393,655;16/10/2012;4;1;10;0;2;1;1;0.468333;0.460846;0.558333;0.182221;922;6612;7534
394,656;17/10/2012;4;1;10;0;3;1;1;0.455833;0.450108;0.692917;0.101371;979;6482;7461
395,659;20/10/2012;4;1;10;0;6;0;1;0.484167;0.472842;0.572917;0.117537;2806;5284;8090
396,660;21/10/2012;4;1;10;0;0;0;1;0.464167;0.456429;00.51;0.166054;2132;4692;6824
397,662;23/10/2012;4;1;10;0;2;1;1;0.544167;0.530304;0.641667;0.0945458;841;6625;7466
398,664;25/10/2012;4;1;10;0;4;1;2;00.55;0.529688;0.800417;0.124375;875;6484;7359
399,665;26/10/2012;4;1;10;0;5;1;2;0.545833;0.52275;0.807083;0.132467;1182;6262;7444
400,669;30/10/2012;4;1;10;0;2;1;2;0.318182;0.309909;0.825455;0.213009;87;1009;1096
401,671;01/11/2012;4;1;11;0;4;1;2;0.365833;0.369942;0.581667;0.157346;466;5520;5986
402,673;03/11/2012;4;1;11;0;6;0;2;0.343333;0.323846;0.49125;0.270529;1029;4109;5138
403,674;04/11/2012;4;1;11;0;0;0;1;0.325833;0.329538;0.532917;0.179108;1201;3906;5107
404,675;05/11/2012;4;1;11;0;1;1;1;0.319167;0.308075;0.494167;0.236325;378;4881;5259
405,676;06/11/2012;4;1;11;0;2;1;1;0.280833;0.281567;0.567083;0.173513;466;5220;5686
406,678;08/11/2012;4;1;11;0;4;1;1;0.352174;0.341891;0.333478;0.347835;340;4975;5315
407,679;09/11/2012;4;1;11;0;5;1;1;0.361667;0.355413;0.540833;0.214558;709;5283;5992
408,680;10/11/2012;4;1;11;0;6;0;1;0.389167;0.393937;0.645417;0.0578458;2090;4446;6536
409,683;13/11/2012;4;1;11;0;2;1;2;0.343333;0.323225;0.662917;0.342046;327;3767;4094
410,684;14/11/2012;4;1;11;0;3;1;1;0.289167;0.281563;0.552083;0.199625;373;5122;5495
411,685;15/11/2012;4;1;11;0;4;1;2;0.321667;0.324492;0.620417;0.152987;320;5125;5445
412,689;19/11/2012;4;1;11;0;1;1;2;0.380833;0.375621;0.623333;0.235067;449;5050;5499
413,691;21/11/2012;4;1;11;0;3;1;1;0.353333;0.364892;0.61375;0.103246;615;4531;5146
414,692;22/11/2012;4;1;11;1;4;0;1;00.34;0.350371;0.580417;0.0528708;955;1470;2425
415,693;23/11/2012;4;1;11;0;5;1;1;0.368333;0.378779;0.56875;0.148021;1603;2307;3910
416,694;24/11/2012;4;1;11;0;6;0;1;0.278333;0.248742;0.404583;0.376871;532;1745;2277
417,696;26/11/2012;4;1;11;0;1;1;1;0.313333;0.339004;0.535417;0.04665;337;4750;5087
418,697;27/11/2012;4;1;11;0;2;1;2;0.291667;0.281558;0.786667;0.237562;123;3836;3959
419,698;28/11/2012;4;1;11;0;3;1;1;0.296667;0.289762;0.50625;0.210821;198;5062;5260
420,699;29/11/2012;4;1;11;0;4;1;1;0.28087;0.298422;0.555652;0.115522;243;5080;5323
421,700;30/11/2012;4;1;11;0;5;1;1;0.298333;0.323867;0.649583;0.0584708;362;5306;5668
422,701;01/12/2012;4;1;12;0;6;0;2;0.298333;0.316904;0.806667;0.0597042;951;4240;5191
423,704;04/12/2012;4;1;12;0;2;1;1;0.475833;0.469054;0.73375;0.174129;551;6055;6606
424,706;06/12/2012;4;1;12;0;4;1;1;0.255833;0.258204;0.50875;0.174754;340;5035;5375
425,708;08/12/2012;4;1;12;0;6;0;2;0.381667;0.389508;0.91125;0.101379;1153;4429;5582
426,709;09/12/2012;4;1;12;0;0;0;2;0.384167;0.390146;0.905417;0.157975;441;2787;3228
427,711;11/12/2012;4;1;12;0;2;1;2;0.353333;0.338363;0.596667;0.296037;282;5219;5501
428,713;13/12/2012;4;1;12;0;4;1;1;0.295833;0.294188;0.485833;0.174129;425;5107;5532
429,714;14/12/2012;4;1;12;0;5;1;1;0.281667;0.294192;0.642917;0.131229;429;5182;5611
430,715;15/12/2012;4;1;12;0;6;0;1;0.324167;0.338383;0.650417;0.10635;767;4280;5047
431,718;18/12/2012;4;1;12;0;2;1;1;0.410833;0.409708;0.66625;0.221404;433;5124;5557
432,720;20/12/2012;4;1;12;0;4;1;2;00.33;0.335217;0.667917;0.132463;314;3814;4128
433,721;21/12/2012;1;1;12;0;5;1;2;0.326667;0.301767;0.556667;0.374383;221;3402;3623
434,722;22/12/2012;1;1;12;0;6;0;1;0.265833;0.236113;0.44125;0.407346;205;1544;1749
435,723;23/12/2012;1;1;12;0;0;0;1;0.245833;0.259471;0.515417;0.133083;408;1379;1787
436,725;25/12/2012;1;1;12;1;2;0;2;0.291304;0.294465;0.734783;0.168726;440;573;1013
437,726;26/12/2012;1;1;12;0;3;1;3;0.243333;0.220333;0.823333;0.316546;9;432;441
438,727;27/12/2012;1;1;12;0;4;1;2;0.254167;0.226642;0.652917;0.350133;247;1867;2114
439,728;28/12/2012;1;1;12;0;5;1;2;0.253333;0.255046;00.59;0.155471;644;2451;3095
